{
    "overall": {
        "accuracy": 0.4351,
        "precision": 0.42793556517576326,
        "recall": 0.4351,
        "f1": 0.42024384194056635,
        "total_texts": 10000,
        "correct_predictions": 4351,
        "avg_confidence": 0.8291698619306087
    },
    "class_report": {
        "AI": {
            "precision": 0.4057075610473669,
            "recall": 0.27535942492012777,
            "f1-score": 0.32805995004163196,
            "support": 5008.0
        },
        "Human": {
            "precision": 0.4502348129071353,
            "recall": 0.5953525641025641,
            "f1-score": 0.5127231950314846,
            "support": 4992.0
        },
        "accuracy": 0.4351,
        "macro avg": {
            "precision": 0.4279711869772511,
            "recall": 0.43535599451134593,
            "f1-score": 0.42039157253655823,
            "support": 10000.0
        },
        "weighted avg": {
            "precision": 0.42793556517576326,
            "recall": 0.4351,
            "f1-score": 0.42024384194056635,
            "support": 10000.0
        }
    }
}