{
    "overall": {
        "accuracy": 0.9383758533956162,
        "precision": 0.9435273836783726,
        "recall": 0.9383758533956162,
        "f1": 0.938560391796352,
        "total_texts": 5566,
        "correct_predictions": 5223,
        "avg_confidence": 0.9615403216089913
    },
    "class_report": {
        "AI": {
            "precision": 0.9889561809761311,
            "recall": 0.8989637305699482,
            "f1-score": 0.9418150975402884,
            "support": 3088.0
        },
        "Human": {
            "precision": 0.8869155491119971,
            "recall": 0.9874899112187248,
            "f1-score": 0.9345044873018904,
            "support": 2478.0
        },
        "accuracy": 0.9383758533956162,
        "macro avg": {
            "precision": 0.9379358650440641,
            "recall": 0.9432268208943364,
            "f1-score": 0.9381597924210894,
            "support": 5566.0
        },
        "weighted avg": {
            "precision": 0.9435273836783726,
            "recall": 0.9383758533956162,
            "f1-score": 0.938560391796352,
            "support": 5566.0
        }
    }
}